,article_id,article_title,retry,gutachten_id,K0,K1,K2,K3,K4,K5,mean
21,0,KI-Modell zur Vorhersage von Hochwasser in Flüssen,0,0,0.8,0.2,0.7,0.5,0.7,0.3,0.53
24,0,KI-Modell zur Vorhersage von Hochwasser in Flüssen,0,1,0.8,0.7,0.5,0.4,0.6,0.2,0.53
27,0,KI-Modell zur Vorhersage von Hochwasser in Flüssen,0,2,1,0.5,-0.5,0.5,0,-0.5,0.17
22,0,KI-Modell zur Vorhersage von Hochwasser in Flüssen,1,0,0.5,0.2,0.3,0.6,0.4,0.2,0.37
25,0,KI-Modell zur Vorhersage von Hochwasser in Flüssen,1,1,1,0.8,0.5,0.6,0.5,0.4,0.63
28,0,KI-Modell zur Vorhersage von Hochwasser in Flüssen,1,2,0.5,0.7,-0.5,0.5,-0.3,-0.5,0.07
23,0,KI-Modell zur Vorhersage von Hochwasser in Flüssen,2,0,-0.5,-0.7,0.3,0.2,-0.4,0,-0.18
26,0,KI-Modell zur Vorhersage von Hochwasser in Flüssen,2,1,0.8,0.6,0.4,0.7,0.5,0.5,0.58
29,0,KI-Modell zur Vorhersage von Hochwasser in Flüssen,2,2,0.5,0.3,-0.3,0,-0.5,-0.7,-0.12
348,1,Global E-Waste Monitor der UN,0,0,0.8,1,0.6,0.7,0.8,0.5,0.73
351,1,Global E-Waste Monitor der UN,0,1,1.0,1.0,1.0,1.0,1.0,1.0,1.0
354,1,Global E-Waste Monitor der UN,0,2,0.8,0.5,0.7,0.6,0.7,0.4,0.62
357,1,Global E-Waste Monitor der UN,0,3,0.7,0.5,0.3,0.8,0.6,0.2,0.52
360,1,Global E-Waste Monitor der UN,0,4,1.0,0.9,1.0,0.8,1.0,0.7,0.9
349,1,Global E-Waste Monitor der UN,1,0,1,1,1,0.5,1,0.5,0.83
352,1,Global E-Waste Monitor der UN,1,1,0.8,0.9,0.7,0.6,0.85,0.75,0.77
355,1,Global E-Waste Monitor der UN,1,2,0.8,0.5,0.7,0.6,0.6,0.4,0.6
358,1,Global E-Waste Monitor der UN,1,3,0.5,0.6,0.3,0.2,0.5,0.4,0.42
361,1,Global E-Waste Monitor der UN,1,4,1,1,1,1,1,1,1.0
350,1,Global E-Waste Monitor der UN,2,0,0.8,0.9,0.7,0.6,0.8,0.7,0.75
353,1,Global E-Waste Monitor der UN,2,1,0.8,0.7,1,0.6,0.9,1,0.83
356,1,Global E-Waste Monitor der UN,2,2,0.8,0.6,0.5,0.5,0.6,0.3,0.55
359,1,Global E-Waste Monitor der UN,2,3,0.8,0.6,0.7,0.5,0.6,0.4,0.6
362,1,Global E-Waste Monitor der UN,2,4,1,1,1,0.8,1,0.9,0.95
477,2,WMO-Bericht zum Zustand des Klimas 2023: Wie geht es weiter?,0,0,0.9,0.7,1,0.8,0.6,0.5,0.75
480,2,WMO-Bericht zum Zustand des Klimas 2023: Wie geht es weiter?,0,1,0.8,0.6,-0.2,0.4,0.3,-0.5,0.23
483,2,WMO-Bericht zum Zustand des Klimas 2023: Wie geht es weiter?,0,2,0.9,0.8,0.7,0.6,0.8,0.6,0.73
486,2,WMO-Bericht zum Zustand des Klimas 2023: Wie geht es weiter?,0,3,0.5,0.7,0.6,-0.5,0.3,0.2,0.3
478,2,WMO-Bericht zum Zustand des Klimas 2023: Wie geht es weiter?,1,0,1.0,0.8,0.6,0.5,0.7,0.9,0.75
481,2,WMO-Bericht zum Zustand des Klimas 2023: Wie geht es weiter?,1,1,1,0.5,0,0.5,0.5,-0.5,0.33
484,2,WMO-Bericht zum Zustand des Klimas 2023: Wie geht es weiter?,1,2,0.8,1,0.5,0.7,0.6,0.4,0.67
487,2,WMO-Bericht zum Zustand des Klimas 2023: Wie geht es weiter?,1,3,-0.5,0.5,0,0,0.5,0,0.08
479,2,WMO-Bericht zum Zustand des Klimas 2023: Wie geht es weiter?,2,0,1.0,0.8,0.7,0.7,0.8,0.6,0.77
482,2,WMO-Bericht zum Zustand des Klimas 2023: Wie geht es weiter?,2,1,0.7,0.5,0.3,0.5,0.4,-0.2,0.37
485,2,WMO-Bericht zum Zustand des Klimas 2023: Wie geht es weiter?,2,2,0.8,1,0.6,0.4,0.5,0.2,0.58
488,2,WMO-Bericht zum Zustand des Klimas 2023: Wie geht es weiter?,2,3,0.3,0.5,0,-0.2,0.2,-0.3,0.08
285,3,Sterblichkeit bei Intervallfasten,0,0,0.6,0.7,0.5,0.4,0.5,0.3,0.5
286,3,Sterblichkeit bei Intervallfasten,1,0,0.7,0.6,0.5,0.3,-0.2,-0.3,0.27
287,3,Sterblichkeit bei Intervallfasten,2,0,0.8,0.7,0.6,0.4,0.5,-0.2,0.47
48,4,Methan-Emissionen aus Lecks bei Förderung größer als angenommen,0,0,0.8,0.9,0.8,0.7,0.9,0.5,0.77
51,4,Methan-Emissionen aus Lecks bei Förderung größer als angenommen,0,1,1.0,0.5,0.5,0.5,0.5,0.0,0.5
54,4,Methan-Emissionen aus Lecks bei Förderung größer als angenommen,0,2,0.8,0.9,0.7,0.6,0.8,0.5,0.72
57,4,Methan-Emissionen aus Lecks bei Förderung größer als angenommen,0,3,0.8,0.6,0.7,0.5,0.8,0.6,0.67
49,4,Methan-Emissionen aus Lecks bei Förderung größer als angenommen,1,0,0.8,0.9,0.6,0.7,0.8,0.5,0.72
52,4,Methan-Emissionen aus Lecks bei Förderung größer als angenommen,1,1,1.0,0.7,0.4,0.9,0.8,0.6,0.73
55,4,Methan-Emissionen aus Lecks bei Förderung größer als angenommen,1,2,0.9,0.8,0.8,0.7,0.9,0.7,0.8
58,4,Methan-Emissionen aus Lecks bei Förderung größer als angenommen,1,3,1,0.5,1,0.5,1,0.5,0.75
50,4,Methan-Emissionen aus Lecks bei Förderung größer als angenommen,2,0,1,0.8,0.7,0.9,1,0.6,0.83
53,4,Methan-Emissionen aus Lecks bei Förderung größer als angenommen,2,1,0.7,0.8,0.5,0.6,0.9,0.4,0.65
56,4,Methan-Emissionen aus Lecks bei Förderung größer als angenommen,2,2,1,1,0.8,0.7,1,0.6,0.85
59,4,Methan-Emissionen aus Lecks bei Förderung größer als angenommen,2,3,1,0.5,0.8,0.6,0.9,0.7,0.75
441,5,Einsatz von Rezyklaten bei Kunststoffen: Helfen neue Recyclingverfahren?,0,0,0.5,-0.2,0,0.3,0.1,0,0.12
444,5,Einsatz von Rezyklaten bei Kunststoffen: Helfen neue Recyclingverfahren?,0,1,0.8,0.6,0.3,0.7,0.5,0.4,0.55
442,5,Einsatz von Rezyklaten bei Kunststoffen: Helfen neue Recyclingverfahren?,1,0,0.5,0.3,-0.2,0.6,0,0,0.2
445,5,Einsatz von Rezyklaten bei Kunststoffen: Helfen neue Recyclingverfahren?,1,1,1,0,-0.5,0.5,0.5,0.5,0.33
443,5,Einsatz von Rezyklaten bei Kunststoffen: Helfen neue Recyclingverfahren?,2,0,0.5,0.8,0.4,0.6,0.7,0.3,0.55
446,5,Einsatz von Rezyklaten bei Kunststoffen: Helfen neue Recyclingverfahren?,2,1,0.8,0.6,0.5,0.4,0.7,0.3,0.55
198,6,Organoide aus Fruchtwasserzellen,0,0,-0.5,0.3,0.5,-0.3,-0.5,0.2,-0.05
201,6,Organoide aus Fruchtwasserzellen,0,1,0.8,0.7,0.5,0.6,0.8,0.4,0.63
204,6,Organoide aus Fruchtwasserzellen,0,2,0.8,0.7,0.6,0.5,0.8,0.5,0.65
207,6,Organoide aus Fruchtwasserzellen,0,3,0.5,0.7,-0.2,0.3,-0.1,-0.3,0.15
199,6,Organoide aus Fruchtwasserzellen,1,0,-0.5,0.3,-0.7,0.2,-0.6,-0.3,-0.27
202,6,Organoide aus Fruchtwasserzellen,1,1,0.7,0.9,0.8,0.7,0.8,0.6,0.75
205,6,Organoide aus Fruchtwasserzellen,1,2,0.8,0.9,0.7,0.6,0.8,0.5,0.72
208,6,Organoide aus Fruchtwasserzellen,1,3,0.6,0.7,0.4,0.2,0.5,-0.3,0.35
200,6,Organoide aus Fruchtwasserzellen,2,0,-0.5,-0.8,0.2,-0.2,-0.6,-0.4,-0.38
203,6,Organoide aus Fruchtwasserzellen,2,1,0.8,0.9,0.7,0.6,0.8,0.7,0.75
206,6,Organoide aus Fruchtwasserzellen,2,2,1.0,0.7,0.5,0.3,0.8,0.6,0.65
209,6,Organoide aus Fruchtwasserzellen,2,3,0.7,0.5,0.3,0.6,0.4,0.2,0.45
0,7,Plazenta-Organoid als Modell für Plazenta-Entwicklung,0,0,0.9,0.7,0.6,0.3,0.8,0.4,0.62
3,7,Plazenta-Organoid als Modell für Plazenta-Entwicklung,0,1,0.8,0.5,0.7,0.6,0.8,0.7,0.68
6,7,Plazenta-Organoid als Modell für Plazenta-Entwicklung,0,2,0.5,0.7,0.8,0.6,0.7,0.5,0.63
9,7,Plazenta-Organoid als Modell für Plazenta-Entwicklung,0,3,0.7,0.8,0.5,0.6,0.7,0.4,0.62
12,7,Plazenta-Organoid als Modell für Plazenta-Entwicklung,0,4,1.0,0.8,1.0,0.7,1.0,1.0,0.92
1,7,Plazenta-Organoid als Modell für Plazenta-Entwicklung,1,0,0.8,0.7,0.9,0.6,0.8,0.7,0.75
4,7,Plazenta-Organoid als Modell für Plazenta-Entwicklung,1,1,1,0.8,0.5,0.7,0.9,0.6,0.75
7,7,Plazenta-Organoid als Modell für Plazenta-Entwicklung,1,2,0.7,0.5,0.6,0.4,0.8,0.6,0.6
10,7,Plazenta-Organoid als Modell für Plazenta-Entwicklung,1,3,0.8,0.7,0.6,0.4,0.5,0.5,0.58
13,7,Plazenta-Organoid als Modell für Plazenta-Entwicklung,1,4,0.9,0.7,0.8,0.6,0.8,0.7,0.75
2,7,Plazenta-Organoid als Modell für Plazenta-Entwicklung,2,0,0.8,0.6,0.7,0.3,0.5,0.4,0.55
5,7,Plazenta-Organoid als Modell für Plazenta-Entwicklung,2,1,0.8,0.7,0.5,0.6,0.7,0.4,0.62
8,7,Plazenta-Organoid als Modell für Plazenta-Entwicklung,2,2,0.8,0.7,0.9,0.6,0.7,0.8,0.75
11,7,Plazenta-Organoid als Modell für Plazenta-Entwicklung,2,3,0.8,0.7,0.6,0.5,0.7,0.6,0.65
14,7,Plazenta-Organoid als Modell für Plazenta-Entwicklung,2,4,0.8,0.6,0.7,0.8,0.7,0.5,0.68
261,8,Mini-Tumoren sagen Ansprechen auf Krebs-Therapie vorher,0,0,1,1,0.8,1,0.8,0.6,0.87
264,8,Mini-Tumoren sagen Ansprechen auf Krebs-Therapie vorher,0,1,1.0,0.9,0.8,0.7,1.0,0.9,0.88
267,8,Mini-Tumoren sagen Ansprechen auf Krebs-Therapie vorher,0,2,1,0.5,1,0,1,1,0.75
270,8,Mini-Tumoren sagen Ansprechen auf Krebs-Therapie vorher,0,3,0.8,0.6,0.5,0.4,0.6,0.3,0.53
262,8,Mini-Tumoren sagen Ansprechen auf Krebs-Therapie vorher,1,0,0.8,1,0.7,0.5,0.9,0.6,0.75
265,8,Mini-Tumoren sagen Ansprechen auf Krebs-Therapie vorher,1,1,0.8,0.9,0.7,0.6,0.85,0.75,0.77
268,8,Mini-Tumoren sagen Ansprechen auf Krebs-Therapie vorher,1,2,0.8,0.7,0.6,0.7,0.5,0.3,0.6
271,8,Mini-Tumoren sagen Ansprechen auf Krebs-Therapie vorher,1,3,0.8,0.6,0.7,0.5,-0.2,0,0.4
263,8,Mini-Tumoren sagen Ansprechen auf Krebs-Therapie vorher,2,0,0.8,0.9,0.7,0.5,0.7,0.5,0.68
266,8,Mini-Tumoren sagen Ansprechen auf Krebs-Therapie vorher,2,1,0.8,0.9,0.8,0.7,0.8,0.7,0.78
269,8,Mini-Tumoren sagen Ansprechen auf Krebs-Therapie vorher,2,2,0.8,0.7,1,0.6,0.9,0.8,0.8
272,8,Mini-Tumoren sagen Ansprechen auf Krebs-Therapie vorher,2,3,0.8,0.5,0.7,0.4,0.6,0.2,0.53
165,9,Studie untersucht Übertragung von Alzheimer durch Knochenmarkspende bei Mäusen,0,0,0.7,0.3,0.6,0.5,0.5,0.2,0.47
168,9,Studie untersucht Übertragung von Alzheimer durch Knochenmarkspende bei Mäusen,0,1,0.8,0.7,0.9,0.7,0.6,0.8,0.75
171,9,Studie untersucht Übertragung von Alzheimer durch Knochenmarkspende bei Mäusen,0,2,1,0.8,0.5,0.7,0.8,0.6,0.73
166,9,Studie untersucht Übertragung von Alzheimer durch Knochenmarkspende bei Mäusen,1,0,0.7,0.5,0.8,0.6,0.7,0.6,0.65
169,9,Studie untersucht Übertragung von Alzheimer durch Knochenmarkspende bei Mäusen,1,1,0.9,0.7,1.0,0.8,0.9,0.8,0.85
172,9,Studie untersucht Übertragung von Alzheimer durch Knochenmarkspende bei Mäusen,1,2,0.8,0.6,0.4,0.7,0.5,0.6,0.6
167,9,Studie untersucht Übertragung von Alzheimer durch Knochenmarkspende bei Mäusen,2,0,0.8,0.5,0.7,0.6,0.7,0.6,0.65
170,9,Studie untersucht Übertragung von Alzheimer durch Knochenmarkspende bei Mäusen,2,1,1,0.5,1,0.8,0.9,0.7,0.82
173,9,Studie untersucht Übertragung von Alzheimer durch Knochenmarkspende bei Mäusen,2,2,0.8,0.6,0.4,0.6,0.5,0.3,0.53
459,10,Aufforstung in Afrika häufig Gefahr für Savannen,0,0,0.8,-0.5,0.7,0.5,0.6,0.3,0.4
462,10,Aufforstung in Afrika häufig Gefahr für Savannen,0,1,0.8,0.5,0.7,0.6,0.6,0.4,0.6
460,10,Aufforstung in Afrika häufig Gefahr für Savannen,1,0,0.5,0.3,0.6,0.7,0.4,0.2,0.45
463,10,Aufforstung in Afrika häufig Gefahr für Savannen,1,1,0.8,0.6,0.2,0.8,0.4,0.3,0.52
461,10,Aufforstung in Afrika häufig Gefahr für Savannen,2,0,0.8,0.2,0.5,0.7,0.6,0.4,0.53
464,10,Aufforstung in Afrika häufig Gefahr für Savannen,2,1,0.9,0.3,0.7,0.5,0.4,0.6,0.57
219,11,Effekt von resistenter Stärke beim Abnehmen,0,0,0.8,0.7,0.9,0.6,0.8,0.7,0.75
222,11,Effekt von resistenter Stärke beim Abnehmen,0,1,0.7,0.5,0.8,0.6,0.7,0.8,0.68
225,11,Effekt von resistenter Stärke beim Abnehmen,0,2,0.5,0.5,-0.2,0.7,0.3,-0.3,0.25
228,11,Effekt von resistenter Stärke beim Abnehmen,0,3,-0.5,0.5,-0.5,0,0,-0.5,-0.17
220,11,Effekt von resistenter Stärke beim Abnehmen,1,0,0.8,1.0,0.7,0.6,0.9,0.7,0.78
223,11,Effekt von resistenter Stärke beim Abnehmen,1,1,1,0.5,1,0.5,1,1,0.83
226,11,Effekt von resistenter Stärke beim Abnehmen,1,2,1,0.5,-0.5,1,0.5,-0.5,0.33
229,11,Effekt von resistenter Stärke beim Abnehmen,1,3,0.5,0,-0.5,-0.5,-0.5,-0.5,-0.25
221,11,Effekt von resistenter Stärke beim Abnehmen,2,0,0.9,0.8,0.6,0.7,0.8,0.5,0.72
224,11,Effekt von resistenter Stärke beim Abnehmen,2,1,0.9,0.8,0.8,0.7,0.8,0.7,0.78
227,11,Effekt von resistenter Stärke beim Abnehmen,2,2,0.8,0.6,0.3,0.5,0.7,0.4,0.55
230,11,Effekt von resistenter Stärke beim Abnehmen,2,3,-0.5,0.5,0.0,-0.5,-0.5,-0.5,-0.25
399,12,Umweltchemikalien beeinträchtigen die Entwicklung wichtiger Hirnzellen,0,0,1,1,0.8,0.5,1,0.8,0.85
402,12,Umweltchemikalien beeinträchtigen die Entwicklung wichtiger Hirnzellen,0,1,1.0,0.8,1.0,0.8,1.0,1.0,0.93
405,12,Umweltchemikalien beeinträchtigen die Entwicklung wichtiger Hirnzellen,0,2,0.5,0.7,0.3,0.6,0.4,-0.2,0.38
408,12,Umweltchemikalien beeinträchtigen die Entwicklung wichtiger Hirnzellen,0,3,1.0,0.5,0.5,0.5,0.5,0.0,0.5
411,12,Umweltchemikalien beeinträchtigen die Entwicklung wichtiger Hirnzellen,0,4,1,1,1,1,1,1,1.0
400,12,Umweltchemikalien beeinträchtigen die Entwicklung wichtiger Hirnzellen,1,0,1,1,0.8,0.7,0.9,0.5,0.82
403,12,Umweltchemikalien beeinträchtigen die Entwicklung wichtiger Hirnzellen,1,1,1,0.8,1,0.9,0.8,1,0.92
406,12,Umweltchemikalien beeinträchtigen die Entwicklung wichtiger Hirnzellen,1,2,0.5,0.7,0.2,0.6,0.3,-0.2,0.35
409,12,Umweltchemikalien beeinträchtigen die Entwicklung wichtiger Hirnzellen,1,3,0.8,0.6,0.7,0.6,0.7,0.5,0.65
412,12,Umweltchemikalien beeinträchtigen die Entwicklung wichtiger Hirnzellen,1,4,1,1,1,0.8,1,0.9,0.95
401,12,Umweltchemikalien beeinträchtigen die Entwicklung wichtiger Hirnzellen,2,0,1,0.8,0.5,0.7,0.9,0.6,0.75
404,12,Umweltchemikalien beeinträchtigen die Entwicklung wichtiger Hirnzellen,2,1,1,1,1,0.8,1,1,0.97
407,12,Umweltchemikalien beeinträchtigen die Entwicklung wichtiger Hirnzellen,2,2,1,0.5,1,0.8,0.7,0.5,0.75
410,12,Umweltchemikalien beeinträchtigen die Entwicklung wichtiger Hirnzellen,2,3,0.8,0.6,0.4,0.5,0.7,0.3,0.55
413,12,Umweltchemikalien beeinträchtigen die Entwicklung wichtiger Hirnzellen,2,4,1,1,1,1,1,1,1.0
231,13,Extremistische und alternative Youtube-Videos wenig gesehen,0,0,1,1,1,1,1,0.8,0.97
234,13,Extremistische und alternative Youtube-Videos wenig gesehen,0,1,0.8,0.9,0.7,0.6,0.8,0.5,0.72
237,13,Extremistische und alternative Youtube-Videos wenig gesehen,0,2,1,0.8,0.6,0.4,0.9,0.7,0.73
232,13,Extremistische und alternative Youtube-Videos wenig gesehen,1,0,1,1,1,0.5,0.8,0.7,0.83
235,13,Extremistische und alternative Youtube-Videos wenig gesehen,1,1,1,1,0.8,0.9,1,0.8,0.92
238,13,Extremistische und alternative Youtube-Videos wenig gesehen,1,2,1.0,0.8,0.9,0.7,0.8,0.6,0.8
233,13,Extremistische und alternative Youtube-Videos wenig gesehen,2,0,1,1,1,1,1,1,1.0
236,13,Extremistische und alternative Youtube-Videos wenig gesehen,2,1,0.8,0.9,0.7,0.6,0.8,0.3,0.68
239,13,Extremistische und alternative Youtube-Videos wenig gesehen,2,2,0.9,0.8,0.7,0.6,0.75,0.65,0.73
321,14,Ethikrat zur Klimagerechtigkeit,0,0,0.9,0.85,0.75,0.8,0.85,0.7,0.81
324,14,Ethikrat zur Klimagerechtigkeit,0,1,0.8,0.7,0.6,0.4,0.6,0.5,0.6
327,14,Ethikrat zur Klimagerechtigkeit,0,2,0.9,0.8,0.8,0.6,0.7,0.7,0.75
330,14,Ethikrat zur Klimagerechtigkeit,0,3,1.0,1.0,1.0,1.0,1.0,1.0,1.0
333,14,Ethikrat zur Klimagerechtigkeit,0,4,1,1,1,1,1,1,1.0
336,14,Ethikrat zur Klimagerechtigkeit,0,5,0.8,0.9,0.6,0.7,0.4,0.6,0.67
322,14,Ethikrat zur Klimagerechtigkeit,1,0,1.0,1.0,0.8,0.9,0.9,0.7,0.88
325,14,Ethikrat zur Klimagerechtigkeit,1,1,1,1,0.8,1,0.9,0.7,0.9
328,14,Ethikrat zur Klimagerechtigkeit,1,2,0.8,0.9,0.7,0.6,0.8,0.7,0.75
331,14,Ethikrat zur Klimagerechtigkeit,1,3,1,1,1,1,1,1,1.0
334,14,Ethikrat zur Klimagerechtigkeit,1,4,1.0,1.0,1.0,0.8,1.0,0.9,0.95
337,14,Ethikrat zur Klimagerechtigkeit,1,5,0.8,0.7,0.6,0.9,0.7,0.5,0.7
323,14,Ethikrat zur Klimagerechtigkeit,2,0,1.0,1.0,0.5,0.5,1.0,0.5,0.75
326,14,Ethikrat zur Klimagerechtigkeit,2,1,0.8,0.7,0.6,0.5,0.4,0.5,0.58
329,14,Ethikrat zur Klimagerechtigkeit,2,2,1.0,1.0,0.5,0.8,1.0,-0.5,0.63
332,14,Ethikrat zur Klimagerechtigkeit,2,3,1.0,1.0,1.0,0.8,1.0,0.9,0.95
335,14,Ethikrat zur Klimagerechtigkeit,2,4,0.9,0.8,0.7,0.6,0.85,0.75,0.77
338,14,Ethikrat zur Klimagerechtigkeit,2,5,0.8,0.7,0.5,0.9,0.6,0.4,0.65
258,15,"Süßstoff Aspartam laut WHO „möglicherweise krebserregend"" ",0,0,1,1,0.8,0.9,0.9,0.7,0.88
259,15,"Süßstoff Aspartam laut WHO „möglicherweise krebserregend"" ",1,0,1,1,0.8,0.9,1,0.7,0.9
260,15,"Süßstoff Aspartam laut WHO „möglicherweise krebserregend"" ",2,0,1,1,0.8,0.7,0.9,0.8,0.87
525,16,Auswirkungen industrieller Fischerei auf den Klimawandel,0,0,0.8,0.5,-0.5,0.2,0.7,-0.7,0.17
528,16,Auswirkungen industrieller Fischerei auf den Klimawandel,0,1,0.5,0.7,0.8,0.4,0.6,0.7,0.62
531,16,Auswirkungen industrieller Fischerei auf den Klimawandel,0,2,0.9,0.8,0.6,0.7,0.5,0.6,0.68
534,16,Auswirkungen industrieller Fischerei auf den Klimawandel,0,3,0.8,0.6,0.5,0.7,0.4,0.3,0.55
537,16,Auswirkungen industrieller Fischerei auf den Klimawandel,0,4,1,0.7,0.8,0.6,0.8,0.5,0.73
526,16,Auswirkungen industrieller Fischerei auf den Klimawandel,1,0,0.8,0.5,-0.5,0.7,0.6,-0.3,0.3
529,16,Auswirkungen industrieller Fischerei auf den Klimawandel,1,1,-0.2,0.3,0.6,0.3,-0.1,-0.3,0.1
532,16,Auswirkungen industrieller Fischerei auf den Klimawandel,1,2,1,0.8,0.5,0.9,0.6,0.4,0.7
535,16,Auswirkungen industrieller Fischerei auf den Klimawandel,1,3,1.0,0.5,0.7,0.8,0.4,0.3,0.62
538,16,Auswirkungen industrieller Fischerei auf den Klimawandel,1,4,1.0,1.0,0.5,1.0,0.8,0.7,0.83
527,16,Auswirkungen industrieller Fischerei auf den Klimawandel,2,0,0.7,0.6,-0.6,0.5,0.3,-0.7,0.13
530,16,Auswirkungen industrieller Fischerei auf den Klimawandel,2,1,-0.5,0.5,0,0.5,-0.5,-0.5,-0.08
533,16,Auswirkungen industrieller Fischerei auf den Klimawandel,2,2,0.8,0.9,0.6,0.7,0.8,0.5,0.72
536,16,Auswirkungen industrieller Fischerei auf den Klimawandel,2,3,1,0.5,0.2,0.8,0.3,-0.2,0.43
539,16,Auswirkungen industrieller Fischerei auf den Klimawandel,2,4,0.8,0.9,0.7,0.6,0.8,0.7,0.75
174,17,Online-Verhaltenstherapie günstiger und ähnlich wirksam wie Standardtherapien,0,0,1,1,0.8,0.7,1,0.5,0.83
177,17,Online-Verhaltenstherapie günstiger und ähnlich wirksam wie Standardtherapien,0,1,-0.8,-0.7,-0.9,-0.5,-0.8,-0.9,-0.77
180,17,Online-Verhaltenstherapie günstiger und ähnlich wirksam wie Standardtherapien,0,2,0.8,0.9,-0.5,0.5,0.7,-0.7,0.28
183,17,Online-Verhaltenstherapie günstiger und ähnlich wirksam wie Standardtherapien,0,3,1,0.8,0.6,0.8,0.8,0.6,0.77
175,17,Online-Verhaltenstherapie günstiger und ähnlich wirksam wie Standardtherapien,1,0,1,1,0.5,0.8,0.9,0.7,0.82
178,17,Online-Verhaltenstherapie günstiger und ähnlich wirksam wie Standardtherapien,1,1,-0.8,-0.7,-0.9,0,-0.8,-0.9,-0.68
181,17,Online-Verhaltenstherapie günstiger und ähnlich wirksam wie Standardtherapien,1,2,1,0.7,-0.5,0.5,-0.3,-0.7,0.12
184,17,Online-Verhaltenstherapie günstiger und ähnlich wirksam wie Standardtherapien,1,3,1.0,0.8,0.6,0.7,0.9,0.5,0.75
176,17,Online-Verhaltenstherapie günstiger und ähnlich wirksam wie Standardtherapien,2,0,1.0,0.8,1.0,1.0,1.0,0.5,0.88
179,17,Online-Verhaltenstherapie günstiger und ähnlich wirksam wie Standardtherapien,2,1,-0.5,0.0,-0.8,-0.3,-0.7,-0.9,-0.53
182,17,Online-Verhaltenstherapie günstiger und ähnlich wirksam wie Standardtherapien,2,2,0.5,0.7,-0.3,0.2,-0.4,-0.6,0.02
185,17,Online-Verhaltenstherapie günstiger und ähnlich wirksam wie Standardtherapien,2,3,0.8,0.9,0.7,0.6,0.8,0.4,0.7
384,18,Hoher Fructose-Anteil in Sirup lässt Darmpolypen von Mäusen wachsen,0,0,0.5,0.2,-0.3,0,-0.5,0.5,0.07
387,18,Hoher Fructose-Anteil in Sirup lässt Darmpolypen von Mäusen wachsen,0,1,0.5,0.8,-0.6,0.3,0.2,-0.7,0.08
385,18,Hoher Fructose-Anteil in Sirup lässt Darmpolypen von Mäusen wachsen,1,0,1,0,-0.5,-0.5,0.5,0,0.08
388,18,Hoher Fructose-Anteil in Sirup lässt Darmpolypen von Mäusen wachsen,1,1,0.8,0.5,-0.4,0.4,0.3,-0.5,0.18
386,18,Hoher Fructose-Anteil in Sirup lässt Darmpolypen von Mäusen wachsen,2,0,0.5,0.2,0.7,0.6,0.3,0,0.38
389,18,Hoher Fructose-Anteil in Sirup lässt Darmpolypen von Mäusen wachsen,2,1,0.8,0.5,-0.5,0.2,0.3,-0.5,0.13
363,19,Schwangerschaftskomplikationen erhöhen genetisch bedingtes Risiko für Schizophrenie,0,0,0.5,0.2,-0.5,0,0.2,-0.8,-0.07
366,19,Schwangerschaftskomplikationen erhöhen genetisch bedingtes Risiko für Schizophrenie,0,1,0.2,-0.5,-0.5,0,-0.3,-0.4,-0.25
369,19,Schwangerschaftskomplikationen erhöhen genetisch bedingtes Risiko für Schizophrenie,0,2,0,-0.5,0.3,0.5,-0.2,0.1,0.03
364,19,Schwangerschaftskomplikationen erhöhen genetisch bedingtes Risiko für Schizophrenie,1,0,0.5,0.2,-0.5,0.3,-0.7,-0.8,-0.17
367,19,Schwangerschaftskomplikationen erhöhen genetisch bedingtes Risiko für Schizophrenie,1,1,-0.5,0,-0.5,0,0.5,-0.5,-0.17
370,19,Schwangerschaftskomplikationen erhöhen genetisch bedingtes Risiko für Schizophrenie,1,2,0.8,0.5,0.7,0.4,0.6,0.4,0.57
365,19,Schwangerschaftskomplikationen erhöhen genetisch bedingtes Risiko für Schizophrenie,2,0,-0.5,0,-0.8,0.2,-0.6,-0.7,-0.4
368,19,Schwangerschaftskomplikationen erhöhen genetisch bedingtes Risiko für Schizophrenie,2,1,-0.5,0,-0.5,-0.3,-0.7,-0.6,-0.43
371,19,Schwangerschaftskomplikationen erhöhen genetisch bedingtes Risiko für Schizophrenie,2,2,0,0,0,0,0,0,0.0
465,20,Erkältungsviren kommen wie MERS-Coronavirus von Dromedaren,0,0,0.9,0.8,0.7,0.6,0.8,0.5,0.72
468,20,Erkältungsviren kommen wie MERS-Coronavirus von Dromedaren,0,1,0.8,0.7,0.6,0.5,0.6,0.4,0.6
471,20,Erkältungsviren kommen wie MERS-Coronavirus von Dromedaren,0,2,0.8,-0.8,0.7,0.5,-0.3,0.6,0.25
474,20,Erkältungsviren kommen wie MERS-Coronavirus von Dromedaren,0,3,0.8,0.5,0.3,0.1,0.4,-0.2,0.32
466,20,Erkältungsviren kommen wie MERS-Coronavirus von Dromedaren,1,0,0.8,0.9,0.7,0.4,0.8,0.6,0.7
469,20,Erkältungsviren kommen wie MERS-Coronavirus von Dromedaren,1,1,0.8,0.7,0.5,0.6,0.7,0.6,0.65
472,20,Erkältungsviren kommen wie MERS-Coronavirus von Dromedaren,1,2,-0.5,-1,-0.3,0.1,-0.4,0.0,-0.35
475,20,Erkältungsviren kommen wie MERS-Coronavirus von Dromedaren,1,3,1,0.5,0.8,0.7,0.5,0.6,0.68
467,20,Erkältungsviren kommen wie MERS-Coronavirus von Dromedaren,2,0,1,1,0.5,0.5,1,0,0.67
470,20,Erkältungsviren kommen wie MERS-Coronavirus von Dromedaren,2,1,1,0.8,0.7,0.9,0.6,0.5,0.75
473,20,Erkältungsviren kommen wie MERS-Coronavirus von Dromedaren,2,2,-0.5,-0.8,0.7,0,0.3,0.5,0.03
476,20,Erkältungsviren kommen wie MERS-Coronavirus von Dromedaren,2,3,0.7,0.6,0.5,0.3,0.4,0.2,0.45
186,21,Sterblichkeitsrate nach Behandlung durch Ärztin oder Arzt,0,0,1.0,0.6,0.8,0.5,0.7,0.4,0.67
189,21,Sterblichkeitsrate nach Behandlung durch Ärztin oder Arzt,0,1,1,1,0.5,0.5,0.5,0.5,0.67
192,21,Sterblichkeitsrate nach Behandlung durch Ärztin oder Arzt,0,2,0.8,0.9,0.7,0.6,0.8,0.5,0.72
195,21,Sterblichkeitsrate nach Behandlung durch Ärztin oder Arzt,0,3,0.8,0.7,0.9,0.6,0.5,0.7,0.7
187,21,Sterblichkeitsrate nach Behandlung durch Ärztin oder Arzt,1,0,0.9,0.8,0.7,0.6,0.6,0.4,0.67
190,21,Sterblichkeitsrate nach Behandlung durch Ärztin oder Arzt,1,1,1,1,0.5,1,0.5,0.5,0.75
193,21,Sterblichkeitsrate nach Behandlung durch Ärztin oder Arzt,1,2,1,0.9,0.8,0.7,0.85,0.75,0.83
196,21,Sterblichkeitsrate nach Behandlung durch Ärztin oder Arzt,1,3,1,1,1,0.9,0.8,0.7,0.9
188,21,Sterblichkeitsrate nach Behandlung durch Ärztin oder Arzt,2,0,1,0.7,0.8,0.5,0.6,0.7,0.72
191,21,Sterblichkeitsrate nach Behandlung durch Ärztin oder Arzt,2,1,0.9,0.8,0.7,0.6,0.8,0.7,0.75
194,21,Sterblichkeitsrate nach Behandlung durch Ärztin oder Arzt,2,2,1.0,1.0,0.7,1.0,0.8,0.6,0.85
197,21,Sterblichkeitsrate nach Behandlung durch Ärztin oder Arzt,2,3,1.0,0.8,0.9,0.7,0.6,1.0,0.83
72,22,IQWiG-Gutachten zu Biomarker-Tests bei Brustkrebs-Diagnose,0,0,1,1,0.8,0.8,1,0.9,0.92
75,22,IQWiG-Gutachten zu Biomarker-Tests bei Brustkrebs-Diagnose,0,1,0.8,0.7,0.6,0.9,0.7,0.5,0.7
78,22,IQWiG-Gutachten zu Biomarker-Tests bei Brustkrebs-Diagnose,0,2,1,0.8,0.7,0.6,0.9,0.8,0.8
81,22,IQWiG-Gutachten zu Biomarker-Tests bei Brustkrebs-Diagnose,0,3,1,0.9,0.8,0.7,1,0.9,0.88
84,22,IQWiG-Gutachten zu Biomarker-Tests bei Brustkrebs-Diagnose,0,4,0.8,0.6,0.7,0.5,-0.2,0.7,0.52
87,22,IQWiG-Gutachten zu Biomarker-Tests bei Brustkrebs-Diagnose,0,5,0.8,0.7,0.5,0.6,0.4,0.3,0.55
90,22,IQWiG-Gutachten zu Biomarker-Tests bei Brustkrebs-Diagnose,0,6,0.8,0.6,0.7,0.5,0.9,0.4,0.65
93,22,IQWiG-Gutachten zu Biomarker-Tests bei Brustkrebs-Diagnose,0,7,0.8,0.5,0.3,0.7,0.6,0.4,0.55
73,22,IQWiG-Gutachten zu Biomarker-Tests bei Brustkrebs-Diagnose,1,0,1,1,0.5,0,0.5,0.5,0.58
76,22,IQWiG-Gutachten zu Biomarker-Tests bei Brustkrebs-Diagnose,1,1,0.8,0.5,0.3,0.5,0.2,0.1,0.4
79,22,IQWiG-Gutachten zu Biomarker-Tests bei Brustkrebs-Diagnose,1,2,0.8,0.9,0.7,0.6,0.7,0.5,0.7
82,22,IQWiG-Gutachten zu Biomarker-Tests bei Brustkrebs-Diagnose,1,3,1,0.8,0.7,0.9,0.8,0.6,0.8
85,22,IQWiG-Gutachten zu Biomarker-Tests bei Brustkrebs-Diagnose,1,4,1,0.5,1,0.5,-0.5,0.5,0.5
88,22,IQWiG-Gutachten zu Biomarker-Tests bei Brustkrebs-Diagnose,1,5,1,0.5,0.7,0.8,0.6,0.5,0.68
91,22,IQWiG-Gutachten zu Biomarker-Tests bei Brustkrebs-Diagnose,1,6,0.8,0.7,0.5,0.9,0.8,0.6,0.72
94,22,IQWiG-Gutachten zu Biomarker-Tests bei Brustkrebs-Diagnose,1,7,0.8,0.7,0.4,0.5,0.6,0.3,0.55
74,22,IQWiG-Gutachten zu Biomarker-Tests bei Brustkrebs-Diagnose,2,0,1,1,0.8,0.7,0.9,0.6,0.83
77,22,IQWiG-Gutachten zu Biomarker-Tests bei Brustkrebs-Diagnose,2,1,1,0.5,0.8,0.8,0.6,0.7,0.73
80,22,IQWiG-Gutachten zu Biomarker-Tests bei Brustkrebs-Diagnose,2,2,0.9,0.8,0.7,0.6,0.8,0.5,0.72
83,22,IQWiG-Gutachten zu Biomarker-Tests bei Brustkrebs-Diagnose,2,3,0.8,0.9,0.7,0.5,0.8,0.6,0.72
86,22,IQWiG-Gutachten zu Biomarker-Tests bei Brustkrebs-Diagnose,2,4,0.8,0.5,0.7,0.6,0.6,0.2,0.57
89,22,IQWiG-Gutachten zu Biomarker-Tests bei Brustkrebs-Diagnose,2,5,1,0.8,0.6,0.4,0.5,0.4,0.62
92,22,IQWiG-Gutachten zu Biomarker-Tests bei Brustkrebs-Diagnose,2,6,0.8,0.7,0.5,0.6,0.8,0.4,0.63
95,22,IQWiG-Gutachten zu Biomarker-Tests bei Brustkrebs-Diagnose,2,7,1.0,0.8,0.5,0.7,0.6,0.4,0.67
504,23,Potenzial der Kohlenstoffspeicherung in Wäldern laut Studie nicht ausgeschöpft,0,0,1,0.5,0.5,1,0.5,0.5,0.67
507,23,Potenzial der Kohlenstoffspeicherung in Wäldern laut Studie nicht ausgeschöpft,0,1,0.8,0.7,-0.5,0,0,-0.3,0.12
505,23,Potenzial der Kohlenstoffspeicherung in Wäldern laut Studie nicht ausgeschöpft,1,0,0.8,0.7,0.6,0.5,0.6,0.5,0.62
508,23,Potenzial der Kohlenstoffspeicherung in Wäldern laut Studie nicht ausgeschöpft,1,1,1.0,0.8,-0.5,0.7,0.2,-0.3,0.32
506,23,Potenzial der Kohlenstoffspeicherung in Wäldern laut Studie nicht ausgeschöpft,2,0,1,0.5,0.5,0.5,0.5,0.5,0.58
509,23,Potenzial der Kohlenstoffspeicherung in Wäldern laut Studie nicht ausgeschöpft,2,1,0.8,0.7,-0.3,0.5,0.2,-0.5,0.23
339,24,Verjüngung von Eizellen durch Spermidin,0,0,1,1,0.8,0.5,0.9,0.7,0.82
342,24,Verjüngung von Eizellen durch Spermidin,0,1,0.8,0.7,-0.2,0.5,0.6,0.3,0.45
345,24,Verjüngung von Eizellen durch Spermidin,0,2,0.8,0.5,0.7,0.9,0.4,0.6,0.65
340,24,Verjüngung von Eizellen durch Spermidin,1,0,0.9,0.8,0.85,0.75,0.8,0.7,0.8
343,24,Verjüngung von Eizellen durch Spermidin,1,1,0.8,0.7,-0.2,0.5,0.4,-0.1,0.35
346,24,Verjüngung von Eizellen durch Spermidin,1,2,0.8,0.6,0.7,0.9,0.5,0.4,0.65
341,24,Verjüngung von Eizellen durch Spermidin,2,0,1,0.8,1,0.9,0.9,0.9,0.92
344,24,Verjüngung von Eizellen durch Spermidin,2,1,0.8,0.9,0.7,0.5,0.6,0.4,0.65
347,24,Verjüngung von Eizellen durch Spermidin,2,2,0.8,0.5,0.7,0.9,-0.2,0.3,0.5
306,25,Studie: CO<sub>2</sub>-Budget nur halb so groß wie im IPCC-Bericht angegeben,0,0,0,0,0,0,0,0,0.0
307,25,Studie: CO<sub>2</sub>-Budget nur halb so groß wie im IPCC-Bericht angegeben,1,0,0,0,0,0,0,0,0.0
308,25,Studie: CO<sub>2</sub>-Budget nur halb so groß wie im IPCC-Bericht angegeben,2,0,0,0,0,0,0,0,0.0
510,26,Krebserkrankungen bei Kindern durch Intensivierung der Landwirtschaft in Brasilien,0,0,1.0,0.8,1.0,0.9,0.8,1.0,0.92
513,26,Krebserkrankungen bei Kindern durch Intensivierung der Landwirtschaft in Brasilien,0,1,0.8,0.7,0.5,0.6,0.6,0.4,0.6
516,26,Krebserkrankungen bei Kindern durch Intensivierung der Landwirtschaft in Brasilien,0,2,0.8,0.5,0.7,0.6,0.9,0.7,0.7
511,26,Krebserkrankungen bei Kindern durch Intensivierung der Landwirtschaft in Brasilien,1,0,1,0.8,0.7,1,0.6,0.5,0.77
514,26,Krebserkrankungen bei Kindern durch Intensivierung der Landwirtschaft in Brasilien,1,1,0.8,0.7,0.5,0.6,0.4,0.6,0.6
517,26,Krebserkrankungen bei Kindern durch Intensivierung der Landwirtschaft in Brasilien,1,2,0.8,0.6,0.7,0.5,0.8,0.7,0.68
512,26,Krebserkrankungen bei Kindern durch Intensivierung der Landwirtschaft in Brasilien,2,0,0.8,0.8,0.5,0.6,0.7,0.5,0.65
515,26,Krebserkrankungen bei Kindern durch Intensivierung der Landwirtschaft in Brasilien,2,1,0.5,0.8,-0.3,0.2,0,0.3,0.25
518,26,Krebserkrankungen bei Kindern durch Intensivierung der Landwirtschaft in Brasilien,2,2,0.5,0.4,0.6,0.3,0.7,0.5,0.5
96,27,Mögliche Umweltschäden durch Ammoniak in der Energiewirtschaft,0,0,0.8,0.7,0.6,0.5,0.8,0.6,0.67
99,27,Mögliche Umweltschäden durch Ammoniak in der Energiewirtschaft,0,1,0.8,0.7,0.5,0.9,0.6,0.4,0.65
102,27,Mögliche Umweltschäden durch Ammoniak in der Energiewirtschaft,0,2,1,1,0.5,0.5,-0.5,0.5,0.5
105,27,Mögliche Umweltschäden durch Ammoniak in der Energiewirtschaft,0,3,0.8,0.7,0.1,0.5,0.6,-0.3,0.4
108,27,Mögliche Umweltschäden durch Ammoniak in der Energiewirtschaft,0,4,1.0,0.9,0.8,0.7,1.0,0.7,0.85
97,27,Mögliche Umweltschäden durch Ammoniak in der Energiewirtschaft,1,0,0.5,0.7,0.3,0.5,0.6,0.4,0.5
100,27,Mögliche Umweltschäden durch Ammoniak in der Energiewirtschaft,1,1,0.8,0.7,0.5,0.6,0.6,0.4,0.6
103,27,Mögliche Umweltschäden durch Ammoniak in der Energiewirtschaft,1,2,1,1,-0.5,0.5,-0.5,1,0.42
106,27,Mögliche Umweltschäden durch Ammoniak in der Energiewirtschaft,1,3,1.0,0.5,0.0,-0.3,0.5,-0.5,0.2
109,27,Mögliche Umweltschäden durch Ammoniak in der Energiewirtschaft,1,4,1,1,0.8,0.9,1,0.8,0.92
98,27,Mögliche Umweltschäden durch Ammoniak in der Energiewirtschaft,2,0,0.7,0.8,0.6,0.5,0.9,0.6,0.68
101,27,Mögliche Umweltschäden durch Ammoniak in der Energiewirtschaft,2,1,1,0.8,0.6,0.4,0.7,0.5,0.67
104,27,Mögliche Umweltschäden durch Ammoniak in der Energiewirtschaft,2,2,0.9,0.8,0.6,0.7,0.4,0.7,0.68
107,27,Mögliche Umweltschäden durch Ammoniak in der Energiewirtschaft,2,3,0.8,0.5,-0.5,0,0.2,-0.2,0.13
110,27,Mögliche Umweltschäden durch Ammoniak in der Energiewirtschaft,2,4,0.8,1.0,0.9,0.7,0.9,0.8,0.85
519,28,Ein Fünftel der europäischen Tiere und Pflanzen vom Aussterben bedroht,0,0,0.9,0.8,0.7,0.7,0.6,0.5,0.7
522,28,Ein Fünftel der europäischen Tiere und Pflanzen vom Aussterben bedroht,0,1,0.8,0.5,0.3,0.6,0.7,-0.2,0.45
520,28,Ein Fünftel der europäischen Tiere und Pflanzen vom Aussterben bedroht,1,0,0.8,0.9,0.7,0.6,0.5,0.4,0.65
523,28,Ein Fünftel der europäischen Tiere und Pflanzen vom Aussterben bedroht,1,1,0.8,0.7,0.3,0.5,0.6,-0.4,0.42
521,28,Ein Fünftel der europäischen Tiere und Pflanzen vom Aussterben bedroht,2,0,1,1,0.8,0.5,0.7,0.6,0.77
524,28,Ein Fünftel der europäischen Tiere und Pflanzen vom Aussterben bedroht,2,1,0.8,0.5,0.2,0.8,0.6,0.1,0.5
309,29,Virusverbreitung bei HPV-Geimpften ,0,0,0.9,0.8,0.6,0.7,0.5,0.3,0.63
312,29,Virusverbreitung bei HPV-Geimpften ,0,1,0.7,0.8,0.5,0.6,-0.2,0.4,0.47
315,29,Virusverbreitung bei HPV-Geimpften ,0,2,0.9,0.8,0.7,0.9,0.8,0.7,0.8
318,29,Virusverbreitung bei HPV-Geimpften ,0,3,0.7,0.6,0.5,0.3,0.8,0.4,0.55
310,29,Virusverbreitung bei HPV-Geimpften ,1,0,0.8,0.7,0.5,0.8,0.7,-0.2,0.55
313,29,Virusverbreitung bei HPV-Geimpften ,1,1,0.8,0.9,-0.2,0.7,-0.3,0.4,0.38
316,29,Virusverbreitung bei HPV-Geimpften ,1,2,1,1,1,0.7,1,0.8,0.92
319,29,Virusverbreitung bei HPV-Geimpften ,1,3,0.8,0.7,0.3,0.5,0.6,0.4,0.55
311,29,Virusverbreitung bei HPV-Geimpften ,2,0,0.8,0.9,0.5,0.7,0.6,0.4,0.65
314,29,Virusverbreitung bei HPV-Geimpften ,2,1,0.6,0.8,0.7,0.5,0.3,0.6,0.58
317,29,Virusverbreitung bei HPV-Geimpften ,2,2,1,0.8,1,1,1,1,0.97
320,29,Virusverbreitung bei HPV-Geimpften ,2,3,0.8,0.6,0.4,0.5,0.7,0.3,0.55
495,30,Nach CT-Scans: Erhöhtes Blutkrebsrisiko bei Kindern,0,0,1,1,0.8,0.9,1,0.7,0.9
498,30,Nach CT-Scans: Erhöhtes Blutkrebsrisiko bei Kindern,0,1,0.8,0.7,0.5,0.6,0.5,0.4,0.58
501,30,Nach CT-Scans: Erhöhtes Blutkrebsrisiko bei Kindern,0,2,0.8,0.7,-0.5,0.5,-0.8,-0.3,0.07
496,30,Nach CT-Scans: Erhöhtes Blutkrebsrisiko bei Kindern,1,0,0.7,0.8,0.9,0.6,0.8,0.7,0.75
499,30,Nach CT-Scans: Erhöhtes Blutkrebsrisiko bei Kindern,1,1,0.8,0.6,0.3,0.5,0.4,0.2,0.47
502,30,Nach CT-Scans: Erhöhtes Blutkrebsrisiko bei Kindern,1,2,0.8,0.7,0.6,0.7,0.5,0.3,0.6
497,30,Nach CT-Scans: Erhöhtes Blutkrebsrisiko bei Kindern,2,0,1,0.9,0.8,0.7,0.9,0.8,0.85
500,30,Nach CT-Scans: Erhöhtes Blutkrebsrisiko bei Kindern,2,1,0.8,0.7,0.5,0.6,0.4,0.3,0.55
503,30,Nach CT-Scans: Erhöhtes Blutkrebsrisiko bei Kindern,2,2,0.6,0.7,-0.4,0.5,0.2,0.1,0.28
438,31,Chimärer Affe geboren,0,0,0.8,0.7,0.6,0.5,0.6,0.4,0.6
439,31,Chimärer Affe geboren,1,0,0.8,0.6,0.7,0.5,0.4,0.3,0.55
440,31,Chimärer Affe geboren,2,0,0.8,0.6,0.7,0.5,0.6,0.4,0.6
240,32,Effekt von Semaglutid auf kardiovaskuläre Erkrankungen,0,0,-0.5,0.0,0.0,0.5,-0.7,-0.6,-0.22
243,32,Effekt von Semaglutid auf kardiovaskuläre Erkrankungen,0,1,0.8,0.7,0.5,0.8,0.6,-0.2,0.53
246,32,Effekt von Semaglutid auf kardiovaskuläre Erkrankungen,0,2,0.5,0.7,0.3,0.8,0.4,0.2,0.48
249,32,Effekt von Semaglutid auf kardiovaskuläre Erkrankungen,0,3,1,1,0.5,1,1,0.8,0.88
241,32,Effekt von Semaglutid auf kardiovaskuläre Erkrankungen,1,0,0.5,0.7,-0.3,0.3,-0.5,-0.5,0.03
244,32,Effekt von Semaglutid auf kardiovaskuläre Erkrankungen,1,1,1,0.8,0.7,0.5,0.9,-0.2,0.62
247,32,Effekt von Semaglutid auf kardiovaskuläre Erkrankungen,1,2,0.5,0.3,0.2,0.4,0.1,-0.2,0.22
250,32,Effekt von Semaglutid auf kardiovaskuläre Erkrankungen,1,3,1.0,1.0,1.0,1.0,1.0,0.5,0.92
242,32,Effekt von Semaglutid auf kardiovaskuläre Erkrankungen,2,0,0.7,0.5,-0.5,0.5,0,-0.7,0.08
245,32,Effekt von Semaglutid auf kardiovaskuläre Erkrankungen,2,1,1,0.5,0.5,0.5,0.5,-0.5,0.42
248,32,Effekt von Semaglutid auf kardiovaskuläre Erkrankungen,2,2,0.5,0.8,0.3,0.6,0.4,0.2,0.47
251,32,Effekt von Semaglutid auf kardiovaskuläre Erkrankungen,2,3,1,1,1,0,1,0.5,0.75
42,33,Genom-editierte Hühner gegen Vogelgrippe resistent,0,0,0.8,0.6,0.3,0.5,0.7,0.5,0.57
45,33,Genom-editierte Hühner gegen Vogelgrippe resistent,0,1,0.6,0.7,0.5,0.8,0.7,0.4,0.62
43,33,Genom-editierte Hühner gegen Vogelgrippe resistent,1,0,0.8,0.6,0.7,0.5,0.7,0.6,0.65
46,33,Genom-editierte Hühner gegen Vogelgrippe resistent,1,1,0.8,0.9,0.7,0.6,0.8,0.7,0.75
44,33,Genom-editierte Hühner gegen Vogelgrippe resistent,2,0,0.8,0.9,0.6,0.7,0.8,0.5,0.72
47,33,Genom-editierte Hühner gegen Vogelgrippe resistent,2,1,0.8,0.6,0.7,0.5,0.7,0.5,0.63
111,34,Hat eine Änderung der Windrad-Drehrichtung unter bestimmten Windverhältnissen Folgen?,0,0,0.8,0.7,0.6,0.5,0.9,0.4,0.65
114,34,Hat eine Änderung der Windrad-Drehrichtung unter bestimmten Windverhältnissen Folgen?,0,1,0.8,0.7,0.6,0.5,0.9,0.3,0.63
117,34,Hat eine Änderung der Windrad-Drehrichtung unter bestimmten Windverhältnissen Folgen?,0,2,0.5,0.7,0.6,0.3,0.4,0.2,0.45
120,34,Hat eine Änderung der Windrad-Drehrichtung unter bestimmten Windverhältnissen Folgen?,0,3,0.8,0.9,0.7,0.6,0.8,0.5,0.72
123,34,Hat eine Änderung der Windrad-Drehrichtung unter bestimmten Windverhältnissen Folgen?,0,4,1,1,0.8,0.9,1,0.7,0.9
126,34,Hat eine Änderung der Windrad-Drehrichtung unter bestimmten Windverhältnissen Folgen?,0,5,0.7,0.5,0.6,0.4,0.6,0.4,0.53
129,34,Hat eine Änderung der Windrad-Drehrichtung unter bestimmten Windverhältnissen Folgen?,0,6,1,0.8,0.4,0.6,0.9,0.5,0.7
132,34,Hat eine Änderung der Windrad-Drehrichtung unter bestimmten Windverhältnissen Folgen?,0,7,0.9,0.8,0.7,0.6,0.8,0.7,0.75
135,34,Hat eine Änderung der Windrad-Drehrichtung unter bestimmten Windverhältnissen Folgen?,0,8,0.8,0.7,0.5,0.9,0.8,0.6,0.72
138,34,Hat eine Änderung der Windrad-Drehrichtung unter bestimmten Windverhältnissen Folgen?,0,9,0.9,0.8,0.6,0.7,0.9,0.7,0.77
141,34,Hat eine Änderung der Windrad-Drehrichtung unter bestimmten Windverhältnissen Folgen?,0,10,1,1,0.8,0.9,0.7,0.8,0.87
144,34,Hat eine Änderung der Windrad-Drehrichtung unter bestimmten Windverhältnissen Folgen?,0,11,0.8,0.7,0.6,0.4,0.9,0.5,0.65
112,34,Hat eine Änderung der Windrad-Drehrichtung unter bestimmten Windverhältnissen Folgen?,1,0,0.8,0.7,0.6,0.5,0.7,0.4,0.62
115,34,Hat eine Änderung der Windrad-Drehrichtung unter bestimmten Windverhältnissen Folgen?,1,1,0.7,0.5,0.3,0.6,0.4,0.2,0.45
118,34,Hat eine Änderung der Windrad-Drehrichtung unter bestimmten Windverhältnissen Folgen?,1,2,0.8,0.7,0.5,0.6,0.5,0.4,0.58
121,34,Hat eine Änderung der Windrad-Drehrichtung unter bestimmten Windverhältnissen Folgen?,1,3,0.8,0.6,0.7,0.9,0.8,0.6,0.73
124,34,Hat eine Änderung der Windrad-Drehrichtung unter bestimmten Windverhältnissen Folgen?,1,4,0.9,0.8,0.7,0.7,0.9,0.8,0.8
127,34,Hat eine Änderung der Windrad-Drehrichtung unter bestimmten Windverhältnissen Folgen?,1,5,0.8,0.7,0.5,0.6,0.6,0.5,0.62
130,34,Hat eine Änderung der Windrad-Drehrichtung unter bestimmten Windverhältnissen Folgen?,1,6,0.8,0.7,0.5,0.6,0.8,0.6,0.67
133,34,Hat eine Änderung der Windrad-Drehrichtung unter bestimmten Windverhältnissen Folgen?,1,7,0.8,0.7,0.6,0.7,0.8,0.6,0.7
136,34,Hat eine Änderung der Windrad-Drehrichtung unter bestimmten Windverhältnissen Folgen?,1,8,1.0,0.8,0.6,0.9,0.7,0.5,0.75
139,34,Hat eine Änderung der Windrad-Drehrichtung unter bestimmten Windverhältnissen Folgen?,1,9,1,1,0.8,0.7,1,0.9,0.9
142,34,Hat eine Änderung der Windrad-Drehrichtung unter bestimmten Windverhältnissen Folgen?,1,10,0.8,0.9,0.7,0.6,0.7,0.5,0.7
145,34,Hat eine Änderung der Windrad-Drehrichtung unter bestimmten Windverhältnissen Folgen?,1,11,0.9,0.8,0.6,0.7,0.9,0.5,0.73
113,34,Hat eine Änderung der Windrad-Drehrichtung unter bestimmten Windverhältnissen Folgen?,2,0,1,0.8,0.7,0.9,0.8,0.7,0.82
116,34,Hat eine Änderung der Windrad-Drehrichtung unter bestimmten Windverhältnissen Folgen?,2,1,0.8,0.7,0.6,0.8,0.6,0.5,0.67
119,34,Hat eine Änderung der Windrad-Drehrichtung unter bestimmten Windverhältnissen Folgen?,2,2,0.8,0.7,0.5,0.6,0.7,0.4,0.62
122,34,Hat eine Änderung der Windrad-Drehrichtung unter bestimmten Windverhältnissen Folgen?,2,3,0.8,0.7,0.7,0.6,0.8,0.6,0.7
125,34,Hat eine Änderung der Windrad-Drehrichtung unter bestimmten Windverhältnissen Folgen?,2,4,1,1,1,1,1,0,0.83
128,34,Hat eine Änderung der Windrad-Drehrichtung unter bestimmten Windverhältnissen Folgen?,2,5,0.8,0.6,-0.2,0.4,0.6,0.3,0.42
131,34,Hat eine Änderung der Windrad-Drehrichtung unter bestimmten Windverhältnissen Folgen?,2,6,1,1,0.5,0.5,0.5,0.5,0.67
134,34,Hat eine Änderung der Windrad-Drehrichtung unter bestimmten Windverhältnissen Folgen?,2,7,1,0.7,1,0.8,0.9,0.6,0.83
137,34,Hat eine Änderung der Windrad-Drehrichtung unter bestimmten Windverhältnissen Folgen?,2,8,1,0.8,0.7,0.9,1,0,0.73
140,34,Hat eine Änderung der Windrad-Drehrichtung unter bestimmten Windverhältnissen Folgen?,2,9,0.8,0.7,0.6,1.0,0.9,0.7,0.78
143,34,Hat eine Änderung der Windrad-Drehrichtung unter bestimmten Windverhältnissen Folgen?,2,10,0.9,0.8,0.7,0.6,0.7,0.9,0.77
146,34,Hat eine Änderung der Windrad-Drehrichtung unter bestimmten Windverhältnissen Folgen?,2,11,1,0.8,0.5,0.6,0.9,0.4,0.7
447,35,Langzeiteffekte von Ebola für Überlebende?,0,0,0.8,0.7,0.5,0.6,0.4,0.3,0.55
450,35,Langzeiteffekte von Ebola für Überlebende?,0,1,0.8,0.7,0.4,0.6,0.7,0.5,0.62
453,35,Langzeiteffekte von Ebola für Überlebende?,0,2,0.8,0.7,0.6,0.5,0.7,0.6,0.65
456,35,Langzeiteffekte von Ebola für Überlebende?,0,3,0.8,0.7,0.9,0.5,0.8,0.7,0.73
448,35,Langzeiteffekte von Ebola für Überlebende?,1,0,0.8,0.7,0.6,0.5,0.7,0.4,0.62
451,35,Langzeiteffekte von Ebola für Überlebende?,1,1,1,0.8,0.2,0.9,0.5,0.3,0.62
454,35,Langzeiteffekte von Ebola für Überlebende?,1,2,0.8,0.6,0.7,0.5,0.9,0.7,0.7
457,35,Langzeiteffekte von Ebola für Überlebende?,1,3,0.8,0.7,0.6,0.9,0.7,0.5,0.7
449,35,Langzeiteffekte von Ebola für Überlebende?,2,0,0.5,0.7,0.3,0.4,0.2,0.1,0.37
452,35,Langzeiteffekte von Ebola für Überlebende?,2,1,0.7,0.4,0.5,0.5,0.6,0.3,0.5
455,35,Langzeiteffekte von Ebola für Überlebende?,2,2,0.8,0.6,0.7,0.5,0.3,0.4,0.55
458,35,Langzeiteffekte von Ebola für Überlebende?,2,3,0.8,0.6,0.5,0.7,0.5,0.4,0.58
210,36,Erster Impfstoff gegen Viruskrankheit Chikungunya vor Zulassung,0,0,0.8,0.7,0.5,0.8,0.6,0.6,0.67
213,36,Erster Impfstoff gegen Viruskrankheit Chikungunya vor Zulassung,0,1,1,0.5,1,0.5,0.5,1,0.75
216,36,Erster Impfstoff gegen Viruskrankheit Chikungunya vor Zulassung,0,2,-0.8,-0.3,0.2,0.5,-0.5,-0.4,-0.22
211,36,Erster Impfstoff gegen Viruskrankheit Chikungunya vor Zulassung,1,0,0.9,0.7,0.6,0.5,0.8,0.6,0.68
214,36,Erster Impfstoff gegen Viruskrankheit Chikungunya vor Zulassung,1,1,0.8,0.6,0.7,0.5,0.4,0.4,0.57
217,36,Erster Impfstoff gegen Viruskrankheit Chikungunya vor Zulassung,1,2,1,1,1,1,1,1,1.0
212,36,Erster Impfstoff gegen Viruskrankheit Chikungunya vor Zulassung,2,0,1,0.5,0.5,1,0.5,0.5,0.67
215,36,Erster Impfstoff gegen Viruskrankheit Chikungunya vor Zulassung,2,1,1.0,0.5,0.5,0.5,0.0,0.5,0.5
218,36,Erster Impfstoff gegen Viruskrankheit Chikungunya vor Zulassung,2,2,1,0.5,1,0.5,1,1,0.83
30,37,Das Ernährungssystem als Netto-Treibhausgassenke?,0,0,0.8,0.6,-0.2,0.4,-0.4,0.5,0.28
33,37,Das Ernährungssystem als Netto-Treibhausgassenke?,0,1,-0.5,-0.2,0.0,0.7,0.5,-0.3,0.03
36,37,Das Ernährungssystem als Netto-Treibhausgassenke?,0,2,0.8,0.6,0.7,0.5,0.7,0.4,0.62
39,37,Das Ernährungssystem als Netto-Treibhausgassenke?,0,3,0.8,0.9,0.7,0.7,0.6,0.5,0.7
31,37,Das Ernährungssystem als Netto-Treibhausgassenke?,1,0,0.8,0.7,0.6,0.5,0.4,0.3,0.55
34,37,Das Ernährungssystem als Netto-Treibhausgassenke?,1,1,1,-0.5,-0.5,0.5,0.5,-0.5,0.08
37,37,Das Ernährungssystem als Netto-Treibhausgassenke?,1,2,0.8,0.7,0.4,0.5,0.6,0.3,0.55
40,37,Das Ernährungssystem als Netto-Treibhausgassenke?,1,3,0.9,0.8,0.7,0.6,0.7,0.6,0.72
32,37,Das Ernährungssystem als Netto-Treibhausgassenke?,2,0,1,0.5,1,0.5,0.5,1,0.75
35,37,Das Ernährungssystem als Netto-Treibhausgassenke?,2,1,0.8,0.2,0.3,0.4,0.5,-0.2,0.33
38,37,Das Ernährungssystem als Netto-Treibhausgassenke?,2,2,0.8,0.7,0.6,0.7,0.9,0.4,0.68
41,37,Das Ernährungssystem als Netto-Treibhausgassenke?,2,3,0.9,0.8,0.7,0.6,0.7,0.5,0.7
282,38,"CO<sub>2</sub>-Kompensation durch Waldschutz hält nicht, was sie verspricht",0,0,1,0.8,0.7,0.9,1,0.8,0.87
283,38,"CO<sub>2</sub>-Kompensation durch Waldschutz hält nicht, was sie verspricht",1,0,0.8,0.9,0.6,0.7,0.7,0.8,0.75
284,38,"CO<sub>2</sub>-Kompensation durch Waldschutz hält nicht, was sie verspricht",2,0,1,1,0.8,0.9,0.9,0.7,0.88
489,39,Abnehmmedikament Semaglutid hilft bei Herzleiden,0,0,0.8,0.7,0.6,0.5,0.8,0.4,0.63
492,39,Abnehmmedikament Semaglutid hilft bei Herzleiden,0,1,0.7,0.8,0.5,0.6,0.4,0.3,0.55
490,39,Abnehmmedikament Semaglutid hilft bei Herzleiden,1,0,0.8,0.7,0.6,0.7,-0.3,-0.5,0.33
493,39,Abnehmmedikament Semaglutid hilft bei Herzleiden,1,1,0.8,0.9,1,0.8,0.7,0.6,0.8
491,39,Abnehmmedikament Semaglutid hilft bei Herzleiden,2,0,0.5,1,0.5,0.5,0,-0.5,0.33
494,39,Abnehmmedikament Semaglutid hilft bei Herzleiden,2,1,0.8,0.9,0.7,0.6,0.8,0.5,0.72
372,40,Metastudie sucht nach Ursachen für Insektenrückgang ,0,0,0.8,0.7,0.6,0.5,0.6,0.5,0.62
375,40,Metastudie sucht nach Ursachen für Insektenrückgang ,0,1,1,1,0.8,0.9,0.7,0.6,0.83
378,40,Metastudie sucht nach Ursachen für Insektenrückgang ,0,2,1,1,1,0.8,1,0.7,0.92
381,40,Metastudie sucht nach Ursachen für Insektenrückgang ,0,3,0.7,0.8,0.5,0.6,0.5,0.3,0.57
373,40,Metastudie sucht nach Ursachen für Insektenrückgang ,1,0,0.8,0.7,0.6,0.5,0.3,0.4,0.55
376,40,Metastudie sucht nach Ursachen für Insektenrückgang ,1,1,1,1,0.8,0.8,0.5,0.6,0.78
379,40,Metastudie sucht nach Ursachen für Insektenrückgang ,1,2,1,1,0.8,0.9,0.9,0.8,0.9
382,40,Metastudie sucht nach Ursachen für Insektenrückgang ,1,3,0.7,0.5,0.4,0.2,0.3,0.1,0.37
374,40,Metastudie sucht nach Ursachen für Insektenrückgang ,2,0,0.8,0.7,0.5,0.6,0.4,0.3,0.55
377,40,Metastudie sucht nach Ursachen für Insektenrückgang ,2,1,1,1,0.5,0.8,0.7,0.6,0.77
380,40,Metastudie sucht nach Ursachen für Insektenrückgang ,2,2,1,1,1,1,1,1,1.0
383,40,Metastudie sucht nach Ursachen für Insektenrückgang ,2,3,0.7,0.5,0.2,0,0.4,-0.2,0.27
60,41,Gehirn-Computer-Schnittstellen helfen Gelähmten zu sprechen,0,0,1,0.8,0.5,0.7,0.6,0.4,0.67
63,41,Gehirn-Computer-Schnittstellen helfen Gelähmten zu sprechen,0,1,0.8,-0.5,0.9,0.5,-0.2,0.6,0.35
66,41,Gehirn-Computer-Schnittstellen helfen Gelähmten zu sprechen,0,2,0.8,0.9,0.7,0.6,0.5,0.4,0.65
69,41,Gehirn-Computer-Schnittstellen helfen Gelähmten zu sprechen,0,3,0.8,0.2,0.7,0.5,0.6,0.3,0.52
61,41,Gehirn-Computer-Schnittstellen helfen Gelähmten zu sprechen,1,0,1,0.8,0.6,0.9,0.5,0.8,0.77
64,41,Gehirn-Computer-Schnittstellen helfen Gelähmten zu sprechen,1,1,1,-0.5,1,0.5,-0.5,-0.5,0.17
67,41,Gehirn-Computer-Schnittstellen helfen Gelähmten zu sprechen,1,2,0.8,0.7,0.6,0.5,0.4,-0.2,0.47
70,41,Gehirn-Computer-Schnittstellen helfen Gelähmten zu sprechen,1,3,0.8,-0.2,0.7,0.5,0.6,0.3,0.45
62,41,Gehirn-Computer-Schnittstellen helfen Gelähmten zu sprechen,2,0,0.9,0.8,0.7,0.6,0.6,0.5,0.68
65,41,Gehirn-Computer-Schnittstellen helfen Gelähmten zu sprechen,2,1,0.8,-0.5,0.7,0.5,-0.6,0.6,0.25
68,41,Gehirn-Computer-Schnittstellen helfen Gelähmten zu sprechen,2,2,1,0.8,0.4,0.6,0.5,0.3,0.6
71,41,Gehirn-Computer-Schnittstellen helfen Gelähmten zu sprechen,2,3,1,-0.5,0.5,0.5,0.5,-0.5,0.25
390,42,Kritik an Studie zum baldigen Kollaps des Golfstroms,0,0,0.8,0.7,0.6,0.5,0.7,0.6,0.65
393,42,Kritik an Studie zum baldigen Kollaps des Golfstroms,0,1,0.9,0.8,0.7,0.6,0.7,0.8,0.75
396,42,Kritik an Studie zum baldigen Kollaps des Golfstroms,0,2,0.7,0.8,0.6,0.5,0.7,0.4,0.62
391,42,Kritik an Studie zum baldigen Kollaps des Golfstroms,1,0,0.8,0.9,0.7,0.75,0.85,0.65,0.78
394,42,Kritik an Studie zum baldigen Kollaps des Golfstroms,1,1,1.0,1.0,0.5,0.8,0.7,0.5,0.75
397,42,Kritik an Studie zum baldigen Kollaps des Golfstroms,1,2,0.8,0.9,0.7,0.6,-0.2,0.3,0.52
392,42,Kritik an Studie zum baldigen Kollaps des Golfstroms,2,0,0.8,0.7,0.5,0.6,0.7,0.4,0.62
395,42,Kritik an Studie zum baldigen Kollaps des Golfstroms,2,1,1,1,0.7,0.9,0.8,0.6,0.83
398,42,Kritik an Studie zum baldigen Kollaps des Golfstroms,2,2,1,0.5,1,0.8,0.8,0.6,0.78
429,43,Affen überlebten bis zu zwei Jahre mit transplantierten Schweine-Nieren,0,0,0.8,0.6,0.5,0.7,0.4,0.5,0.58
432,43,Affen überlebten bis zu zwei Jahre mit transplantierten Schweine-Nieren,0,1,0.9,0.8,0.7,0.6,0.5,0.4,0.65
435,43,Affen überlebten bis zu zwei Jahre mit transplantierten Schweine-Nieren,0,2,1.0,0.5,1.0,0.8,0.7,-0.2,0.63
430,43,Affen überlebten bis zu zwei Jahre mit transplantierten Schweine-Nieren,1,0,1.0,0.7,0.5,0.8,0.4,0.3,0.62
433,43,Affen überlebten bis zu zwei Jahre mit transplantierten Schweine-Nieren,1,1,1,0.5,0.8,0.8,0.3,0.7,0.68
436,43,Affen überlebten bis zu zwei Jahre mit transplantierten Schweine-Nieren,1,2,0.9,0.8,0.5,0.6,0.7,0.4,0.65
431,43,Affen überlebten bis zu zwei Jahre mit transplantierten Schweine-Nieren,2,0,1,0.5,0,0.75,0.5,-0.5,0.38
434,43,Affen überlebten bis zu zwei Jahre mit transplantierten Schweine-Nieren,2,1,0.8,0.7,0.6,0.8,0.5,0.4,0.63
437,43,Affen überlebten bis zu zwei Jahre mit transplantierten Schweine-Nieren,2,2,1,0.8,0.5,0.8,0.7,0.4,0.7
15,44,Menstruationszyklus bestimmt Insulinsensitivität im Gehirn,0,0,0.8,0.7,0.6,0.5,0.7,0.4,0.62
18,44,Menstruationszyklus bestimmt Insulinsensitivität im Gehirn,0,1,0.8,0.7,0.9,0.6,0.7,0.5,0.7
16,44,Menstruationszyklus bestimmt Insulinsensitivität im Gehirn,1,0,0.8,0.7,0.6,0.5,0.7,0.5,0.63
19,44,Menstruationszyklus bestimmt Insulinsensitivität im Gehirn,1,1,0.8,0.7,0.9,0.6,0.7,0.5,0.7
17,44,Menstruationszyklus bestimmt Insulinsensitivität im Gehirn,2,0,0.8,0.5,1.0,0.7,0.6,-0.2,0.57
20,44,Menstruationszyklus bestimmt Insulinsensitivität im Gehirn,2,1,0.8,0.7,0.9,0.8,0.7,0.6,0.75
288,45,Methodische Fallstricke bei Long-COVID-Forschung?,0,0,0.8,0.7,0.9,0.6,0.8,0.7,0.75
291,45,Methodische Fallstricke bei Long-COVID-Forschung?,0,1,0.7,0.5,0.6,0.3,0.5,0.4,0.5
294,45,Methodische Fallstricke bei Long-COVID-Forschung?,0,2,-0.5,0.5,-0.5,-0.5,-0.5,-0.5,-0.33
297,45,Methodische Fallstricke bei Long-COVID-Forschung?,0,3,0.7,0.5,0.6,0.4,0.3,0.2,0.45
300,45,Methodische Fallstricke bei Long-COVID-Forschung?,0,4,0.5,0.5,0.3,0.2,0.3,-0.2,0.27
303,45,Methodische Fallstricke bei Long-COVID-Forschung?,0,5,-0.7,-0.8,-0.6,-0.2,-0.9,0,-0.53
289,45,Methodische Fallstricke bei Long-COVID-Forschung?,1,0,0.8,0.6,1,0.7,1,0.7,0.8
292,45,Methodische Fallstricke bei Long-COVID-Forschung?,1,1,0.7,0.5,0.3,0.8,0.6,0.4,0.55
295,45,Methodische Fallstricke bei Long-COVID-Forschung?,1,2,0.5,0.7,-0.3,0.2,0.4,-0.5,0.17
298,45,Methodische Fallstricke bei Long-COVID-Forschung?,1,3,0.7,0.5,0.6,0.3,0.4,0.3,0.47
301,45,Methodische Fallstricke bei Long-COVID-Forschung?,1,4,0.5,0.5,0,0.5,-0.5,-0.5,0.08
304,45,Methodische Fallstricke bei Long-COVID-Forschung?,1,5,-0.8,-0.7,-0.9,0.0,-0.8,0.0,-0.53
290,45,Methodische Fallstricke bei Long-COVID-Forschung?,2,0,1,0.8,0.7,0.5,0.9,0.6,0.75
293,45,Methodische Fallstricke bei Long-COVID-Forschung?,2,1,0.8,0.6,0.4,0.5,0.7,0.3,0.55
296,45,Methodische Fallstricke bei Long-COVID-Forschung?,2,2,0.5,0.6,0.3,0.2,0.4,0.1,0.35
299,45,Methodische Fallstricke bei Long-COVID-Forschung?,2,3,0.5,0.2,-0.3,0.4,-0.2,0.1,0.12
302,45,Methodische Fallstricke bei Long-COVID-Forschung?,2,4,0.2,0.5,0.3,0.8,0.4,0.1,0.38
305,45,Methodische Fallstricke bei Long-COVID-Forschung?,2,5,-0.8,-0.6,-0.7,0.2,-0.8,-0.7,-0.57
252,46,Erklärt das Wetter den Insektenrückgang?,0,0,0.5,-0.2,-0.5,0.0,-0.7,0.3,-0.1
255,46,Erklärt das Wetter den Insektenrückgang?,0,1,0.5,0.3,0.1,0.2,-0.3,-0.2,0.1
253,46,Erklärt das Wetter den Insektenrückgang?,1,0,0.5,0.3,-0.3,0,-0.5,-0.7,-0.12
256,46,Erklärt das Wetter den Insektenrückgang?,1,1,0.7,0.5,0.3,0.8,0,0.4,0.45
254,46,Erklärt das Wetter den Insektenrückgang?,2,0,-0.5,0,-0.7,0.2,-0.9,-0.6,-0.42
257,46,Erklärt das Wetter den Insektenrückgang?,2,1,0.5,0.3,0.2,0.4,0.1,-0.3,0.2
273,47,Umverteilung von Dünger könnte Stickstoff-Problem lösen und Welternährung sichern,0,0,0.5,0.8,0.3,0.7,0.6,0.2,0.52
276,47,Umverteilung von Dünger könnte Stickstoff-Problem lösen und Welternährung sichern,0,1,0.8,0.7,0.9,0.6,0.8,0.9,0.78
279,47,Umverteilung von Dünger könnte Stickstoff-Problem lösen und Welternährung sichern,0,2,1,0.8,1,0.5,0.9,1,0.87
274,47,Umverteilung von Dünger könnte Stickstoff-Problem lösen und Welternährung sichern,1,0,0.6,0.5,0.4,0.3,0.5,0.2,0.42
277,47,Umverteilung von Dünger könnte Stickstoff-Problem lösen und Welternährung sichern,1,1,1.0,0.7,0.9,0.8,0.8,0.9,0.85
280,47,Umverteilung von Dünger könnte Stickstoff-Problem lösen und Welternährung sichern,1,2,1,0.8,0.5,1,0.7,0.9,0.82
275,47,Umverteilung von Dünger könnte Stickstoff-Problem lösen und Welternährung sichern,2,0,0.8,0.6,0.4,0.5,0.5,0.3,0.52
278,47,Umverteilung von Dünger könnte Stickstoff-Problem lösen und Welternährung sichern,2,1,1,0.8,1,0.8,0.8,1,0.9
281,47,Umverteilung von Dünger könnte Stickstoff-Problem lösen und Welternährung sichern,2,2,0.9,0.8,0.7,0.6,0.5,0.6,0.68
147,48,Hygiene doch kein Auslöser für Allergien?,0,0,0.5,0.3,0.1,0.2,-0.4,-0.2,0.08
150,48,Hygiene doch kein Auslöser für Allergien?,0,1,0.8,0.6,0.3,0.5,0.7,0.4,0.55
153,48,Hygiene doch kein Auslöser für Allergien?,0,2,0.8,0.5,0.6,0.7,0.4,0.5,0.58
156,48,Hygiene doch kein Auslöser für Allergien?,0,3,0.8,0.7,0.6,0.5,0.7,0.6,0.65
159,48,Hygiene doch kein Auslöser für Allergien?,0,4,0.8,0.7,0.6,0.5,0.4,0.3,0.55
162,48,Hygiene doch kein Auslöser für Allergien?,0,5,0.8,0.7,0.9,0.6,0.8,0.7,0.75
148,48,Hygiene doch kein Auslöser für Allergien?,1,0,0.5,0.2,0,0.3,-0.3,-0.5,0.03
151,48,Hygiene doch kein Auslöser für Allergien?,1,1,1,0.5,0.5,1,0.5,0.5,0.67
154,48,Hygiene doch kein Auslöser für Allergien?,1,2,0.8,0.5,0.4,0.6,0.3,0.2,0.47
157,48,Hygiene doch kein Auslöser für Allergien?,1,3,0.7,0.8,0.6,0.5,0.7,0.6,0.65
160,48,Hygiene doch kein Auslöser für Allergien?,1,4,0.8,0.7,0.5,0.6,0.7,0.5,0.63
163,48,Hygiene doch kein Auslöser für Allergien?,1,5,0.8,0.9,0.7,0.6,0.8,0.7,0.75
149,48,Hygiene doch kein Auslöser für Allergien?,2,0,0.9,0.4,-0.2,0.3,-0.5,-0.3,0.1
152,48,Hygiene doch kein Auslöser für Allergien?,2,1,0.8,0.6,0.7,0.5,0.7,0.4,0.62
155,48,Hygiene doch kein Auslöser für Allergien?,2,2,1,0.8,0.5,0.7,0.4,0.6,0.67
158,48,Hygiene doch kein Auslöser für Allergien?,2,3,1.0,0.8,0.6,0.9,0.7,0.8,0.8
161,48,Hygiene doch kein Auslöser für Allergien?,2,4,0.8,0.7,0.5,0.6,0.6,0.5,0.62
164,48,Hygiene doch kein Auslöser für Allergien?,2,5,0.8,0.9,0.7,0.5,0.8,0.7,0.73
414,49,Ecstasy-Wirkstoff unterstützt die Behandlung von Posttraumatischer Belastungsstörung,0,0,1,0.8,0.7,0.5,0.6,0.7,0.72
417,49,Ecstasy-Wirkstoff unterstützt die Behandlung von Posttraumatischer Belastungsstörung,0,1,0.5,0.7,-0.3,0.2,0.1,-0.4,0.13
420,49,Ecstasy-Wirkstoff unterstützt die Behandlung von Posttraumatischer Belastungsstörung,0,2,0.9,0.8,0.7,0.5,0.9,0.6,0.73
423,49,Ecstasy-Wirkstoff unterstützt die Behandlung von Posttraumatischer Belastungsstörung,0,3,1,0.8,0.5,0.7,0.6,0.3,0.65
426,49,Ecstasy-Wirkstoff unterstützt die Behandlung von Posttraumatischer Belastungsstörung,0,4,0.8,0.7,1.0,0.5,0.9,0.6,0.75
415,49,Ecstasy-Wirkstoff unterstützt die Behandlung von Posttraumatischer Belastungsstörung,1,0,0.8,0.7,0.6,0.5,0.4,0.3,0.55
418,49,Ecstasy-Wirkstoff unterstützt die Behandlung von Posttraumatischer Belastungsstörung,1,1,0.5,0.3,-0.2,0,0.4,0.2,0.2
421,49,Ecstasy-Wirkstoff unterstützt die Behandlung von Posttraumatischer Belastungsstörung,1,2,0.8,0.9,0.7,0.6,0.8,0.5,0.72
424,49,Ecstasy-Wirkstoff unterstützt die Behandlung von Posttraumatischer Belastungsstörung,1,3,0.8,0.9,0.3,0.6,0.7,0.5,0.63
427,49,Ecstasy-Wirkstoff unterstützt die Behandlung von Posttraumatischer Belastungsstörung,1,4,1,1,0.5,1,1,0.5,0.83
416,49,Ecstasy-Wirkstoff unterstützt die Behandlung von Posttraumatischer Belastungsstörung,2,0,0.8,0.9,0.6,0.7,0.7,0.5,0.7
419,49,Ecstasy-Wirkstoff unterstützt die Behandlung von Posttraumatischer Belastungsstörung,2,1,0.7,0.5,0.4,0.2,0.6,0.4,0.47
422,49,Ecstasy-Wirkstoff unterstützt die Behandlung von Posttraumatischer Belastungsstörung,2,2,1,0.8,0.5,0.7,0.9,0.6,0.75
425,49,Ecstasy-Wirkstoff unterstützt die Behandlung von Posttraumatischer Belastungsstörung,2,3,1,0.8,0.3,0.5,0.7,0.2,0.58
428,49,Ecstasy-Wirkstoff unterstützt die Behandlung von Posttraumatischer Belastungsstörung,2,4,1.0,0.5,0.8,0.2,0.7,0.6,0.63
